url,description,name,superhost,price per night,actual price,beds,rating,sp_url,location,unit rental details,number of guests,more description,amenities1,rental_data,all_amenities,image_urls,host_about
/rooms/757256633941807830?adults=1&children=0&infants=0&pets=0&check_in=2022-12-11&check_out=2022-12-16&previous_page_section_name=1000,Lofted 2nd Floor Apartment with Spiral Staircase,Apartment in Chicago,empty,$70Â ,empty,3 beds,empty,https://www.airbnb.com/s/Chicago--Illinois--United-States/homes?tab_id=home_tab&refinement_paths%5B%5D=%2Fhomes&flexible_trip_lengths%5B%5D=one_week&price_filter_input_type=0&price_filter_num_nights=5&date_picker_type=calendar&source=structured_search_input_header&search_type=autocomplete_click&query=Chicago%2C%20IL&place_id=ChIJ7cv00DwsDogRAMDACa2m4K8&items_offset=140,"Chicago, Illinois, United States",Entire rental unit hosted byÂ Margaret4 guests Â·  Â· 1 bedroom Â·  Â· 3 beds Â·  Â· 1 bath,4 guests Â· **__** Â· 1 bedroom Â· **__** Â· 3 beds Â· **__** Â· 1 bath,"My place is close to the Blue Line, the highway, Downtown, Logan Square, Wicker Park, Bucktown, Humbolt Park, and Lincoln Park. You'll love my place because of the central location, free parking, delicious local restaurants, and easy commute to anywhere in the city. My place is good for couples, solo adventurers, business travel, and families with kids. This is a new listing for the same unit I've been hosting for 4 years. Please click on my name and read all my reviews for this space!The spaceHello travelers! Welcome to our home in the city. This is a 1 bedroom, 1 bathroom space with an attic loft. There is a queen bed in the bedroom, and two twin beds in the loft. This is a second floor unit located on Western Ave., so there is some noise from the street. It does quiet down at night and the bedroom is towards the rear of the apartment so if you're looking for a city apartment that's minutes from it all, this is the one!There is free street parking on Western Ave. The Blue Line Western stop is just a few blocks south. This is the train that runs from O'hare Airport all the way downtown. If you're driving, the Kennedy Expressway 94 is just 2 blocks north, off the Fullerton exit.There is a secure lock box with 2 keys for easy check-in. We have exterior security cameras for additional security. This also means we can see how many people come in and out of the apartment so please be honest when making your booking as any unapproved guests will be charged the additional guest fee. Any unapproved parties or gatherings will be charged the full security deposit. My husband and I designed and built this unit. We hope you enjoy this simple, cozy, no fuss place that's so close to it all!",Kitchen**__**Wifi**__**Free parking on premises**__**TV**__**Washer**__**Central air conditioning**__**Hair dryer**__**Refrigerator**__**Security cameras on property,Entire rental unit hosted by Margaret,[],"['https://a0.muscache.com/pictures/miso/Hosting-757256633941807830/original/b742e290-57a3-4945-a356-f1453e15c7b7.jpeg', 'https://a0.muscache.com/pictures/miso/Hosting-757256633941807830/original/1422e8f0-fd6a-43fd-bfdc-31665de1985d.jpeg', 'https://a0.muscache.com/pictures/miso/Hosting-757256633941807830/original/11a43003-d766-436a-9e8d-652e11b2e024.jpeg', 'https://a0.muscache.com/pictures/miso/Hosting-757256633941807830/original/6cf18331-9f85-411a-a71d-c7e4631a171e.jpeg', 'https://a0.muscache.com/pictures/miso/Hosting-757256633941807830/original/fc648f22-e58d-4f3a-a0ee-a34ddc6f6be5.jpeg']",host data is not there
/rooms/755686543736087917?adults=1&children=0&infants=0&pets=0&check_in=2022-12-03&check_out=2022-12-08&previous_page_section_name=1000,Kingâ€™s Kids Quarters: home for price of twin bed!,Private room in Chicago,empty,empty,$40,1 bed,empty,https://www.airbnb.com/s/Chicago--Illinois--United-States/homes?tab_id=home_tab&refinement_paths%5B%5D=%2Fhomes&flexible_trip_lengths%5B%5D=one_week&price_filter_input_type=0&price_filter_num_nights=5&date_picker_type=calendar&source=structured_search_input_header&search_type=autocomplete_click&query=Chicago%2C%20IL&place_id=ChIJ7cv00DwsDogRAMDACa2m4K8&items_offset=140,"Chicago, Illinois, United States",Private room in home hosted byÂ Helen1 guest Â·  Â· 1 bedroom Â·  Â· 1 bed Â·  Â· 3 shared baths,1 guest Â· **__** Â· 1 bedroom Â· **__** Â· 1 bed Â· **__** Â· 3 shared baths,"Shared spacious stylish home with private  bedroom located in Chicago walking distance to the green line train. Short ride to both downtown Chicago / Oak Park. Room features twin sized bed, chair, smart tv, desk and chair.  Shared space includes 3 full bathrooms, kitchen: 2 full size refrigerators, stove, microwave, 3 living rooms, dining room, study/work area, and laundry room. Everything you need in your home away from home!  Wi-Fi and free street parking.License numberR22000091615",Free parking on premises**__**Dryer**__**Backyard**__**Luggage dropoff allowed**__**Hair dryer**__**Refrigerator**__**Microwave**__**Long term stays allowed**__**Unavailable: Carbon monoxide alarmCarbon monoxide alarm**__**Unavailable: Smoke alarmSmoke alarm,,[],"['https://a0.muscache.com/pictures/87a2b272-9f00-4c1e-b1b8-e4ab52ad38cb.jpg', 'https://a0.muscache.com/pictures/a52ee2e2-53b0-496c-b6b2-dc568fadf1fd.jpg', 'https://a0.muscache.com/pictures/b5711f45-f56b-4cc5-81c9-75a2865a3f28.jpg', 'https://a0.muscache.com/pictures/83fc388e-72c6-4cc3-a3c9-dd4718d511eb.jpg', 'https://a0.muscache.com/pictures/14c993fb-6739-455b-887d-c64f4ede67be.jpg']",host data is not there
/rooms/628974286258737070?adults=1&children=0&infants=0&pets=0&check_in=2022-12-04&check_out=2022-12-09&previous_page_section_name=1000,Studio in the heart of Lincoln Park - Vibesbnb,Apartment in Chicago,empty,$50Â ,empty,1 bed,4.55 Â·,https://www.airbnb.com/s/Chicago--Illinois--United-States/homes?tab_id=home_tab&refinement_paths%5B%5D=%2Fhomes&flexible_trip_lengths%5B%5D=one_week&price_filter_input_type=0&price_filter_num_nights=5&date_picker_type=calendar&source=structured_search_input_header&search_type=autocomplete_click&query=Chicago%2C%20IL&place_id=ChIJ7cv00DwsDogRAMDACa2m4K8&items_offset=140,"Chicago, Illinois, United States",Entire rental unit hosted byÂ Magda2 guests Â·  Â· Studio Â·  Â· 1 bed Â·  Â· 1 bath,2 guests Â· **__** Â· Studio Â· **__** Â· 1 bed Â· **__** Â· 1 bath,"Welcome to Chicago! Centrally located cozy studio in the heart of beautiful Lincoln Park. You will be in the best location to explore everything that Chicago has to offer. Near by many restaurants, bars,  lakefront,  the north avenue beach, Lincoln Park Zoo, Wrigley Field and Boystown. The bus and train are both within walking distance with a short ride to downtown Chicago .The spaceThis is a comfortable studio apartment  with queen size bed and everything you might need, great for 1- 2 people. You will find a functioning kitchen with coffee make and all the essentials to make a meal. Bathroom - we provide shampoo, conditioner and body wash in addition to hand soap, towels  and blow dryer. Closet to hang clothes and a dresser, couch, TV with streaming apps, work desk with a printer  also laundry in the basement.",Kitchen**__**Wifi**__**Dedicated workspace**__**Free street parking**__**TV**__**Elevator**__**Paid washer â€“ In building**__**Paid dryer â€“ In building**__**Security cameras on property**__**Unavailable: Carbon monoxide alarmCarbon monoxide alarm,Entire rental unit hosted by Magda,[],"['https://a0.muscache.com/pictures/miso/Hosting-628974286258737070/original/99806d59-5dcb-4ab6-92c0-aab6c6bc1e10.jpeg', 'https://a0.muscache.com/pictures/miso/Hosting-628974286258737070/original/689bea1c-6e25-43b6-909b-68790b6cd56d.jpeg', 'https://a0.muscache.com/pictures/miso/Hosting-628974286258737070/original/d492c1c6-e087-4a7b-a3c8-fa2efdc58d08.jpeg', 'https://a0.muscache.com/pictures/miso/Hosting-628974286258737070/original/f36a007f-966c-4be5-a05f-5cb9031cdb27.jpeg', 'https://a0.muscache.com/pictures/miso/Hosting-628974286258737070/original/d4f1aebe-d513-421c-a958-ea2b6bf9e865.jpeg']",host data is not there
/rooms/43431634?adults=1&children=0&infants=0&pets=0&check_in=2023-01-06&check_out=2023-01-11&previous_page_section_name=1000,Modern Home RoscoeVillage/Wrigley Free St Parking,Home in Chicago,Superhost,$60Â ,empty,4 beds,4.95 Â·,https://www.airbnb.com/s/Chicago--Illinois--United-States/homes?tab_id=home_tab&refinement_paths%5B%5D=%2Fhomes&flexible_trip_lengths%5B%5D=one_week&price_filter_input_type=0&price_filter_num_nights=5&date_picker_type=calendar&source=structured_search_input_header&search_type=autocomplete_click&query=Chicago%2C%20IL&place_id=ChIJ7cv00DwsDogRAMDACa2m4K8&items_offset=140,"Chicago, Illinois, United States",Entire home hosted byÂ Sharleen5 guests Â·  Â· 2 bedrooms Â·  Â· 4 beds Â·  Â· 1 bath,5 guests Â· **__** Â· 2 bedrooms Â· **__** Â· 4 beds Â· **__** Â· 1 bath,Some info has been automatically translated.,,,[],"['https://a0.muscache.com/pictures/98319528-a2d3-40ab-a9ca-69266cb35df4.jpg', 'https://a0.muscache.com/pictures/da5317da-6ba3-4ed3-ba95-b3ca6efb437d.jpg', 'https://a0.muscache.com/pictures/c17ce011-b76c-4030-a4be-6def1ae37eb3.jpg', 'https://a0.muscache.com/pictures/8650ec26-59c8-4980-8e5b-8fe33e20737d.jpg', 'https://a0.muscache.com/pictures/da9ce580-a298-43a3-b791-e09cad70b52e.jpg']",host data is not there
/rooms/44075970?adults=1&children=0&infants=0&pets=0&check_in=2022-12-03&check_out=2022-12-08&previous_page_section_name=1000,Prime New House Perfect for your stay,Private room in Chicago,empty,$35Â ,empty,1 queen bed,4.47 Â·,https://www.airbnb.com/s/Chicago--Illinois--United-States/homes?tab_id=home_tab&refinement_paths%5B%5D=%2Fhomes&flexible_trip_lengths%5B%5D=one_week&price_filter_input_type=0&price_filter_num_nights=5&date_picker_type=calendar&source=structured_search_input_header&search_type=autocomplete_click&query=Chicago%2C%20IL&place_id=ChIJ7cv00DwsDogRAMDACa2m4K8&items_offset=140,"Chicago, Illinois, United States",Private room in home hosted byÂ Poliana2 guests Â·  Â· 1 bedroom Â·  Â· 1 bed Â·  Â· 2 shared baths,2 guests Â· **__** Â· 1 bedroom Â· **__** Â· 1 bed Â· **__** Â· 2 shared baths,"Recently renovated, enjoy the comfort of staying on a brand new home with everything brand new. Brand new mattress, comforters, sheets, towels and everything else! Each room is equipped with Smart TV with Netflix included, expensive luxury mattresses with 4 layers sheets & comforters bed setup, air conditioning with air humidifier, high speed internet and so much more! Convenient location close to downtown Chicago, Chinatown, White Sox, Pilsen, South Loop & McCormick Convention Center.The spaceCleanest place you will ever stay. Bedroom has USB friendly outlets and a smart TV with Netflix included.","City skyline view**__**Kitchen**__**Wifi**__**Free parking on premises**__**32"" HDTV with Netflix**__**Free washer â€“ In building**__**Dryer**__**Central air conditioning**__**Hair dryer**__**Security cameras on property",Private room in home hosted by Poliana,"['Scenic views\nCity skyline view', 'Bathroom\nHair dryer\nShampoo\nHot water', 'Bedroom and laundry\nFree washer â€“ In building\nDryer\nEssentials\nTowels, bed sheets, soap, and toilet paper\nHangers\nIron', 'Entertainment\n32"" HDTV with Netflix', 'Heating and cooling\nCentral air conditioning\nHeating', 'Home safety\nSecurity cameras on property\nHouse has 2 security cameras to ensure everyoneâ€™s safety. The 2 cameras are located in the living room & kitchen area.\nSmoke alarm\nCarbon monoxide alarm\nLock on bedroom door\nPrivate room can be locked for safety and privacy', 'Internet and office\nWifi', 'Kitchen and dining\nKitchen\nSpace where guests can cook their own meals\nRefrigerator\nMicrowave\nCooking basics\nPots and pans, oil, salt and pepper\nDishes and silverware\nBowls, chopsticks, plates, cups, etc.\nStove\nOven', 'Parking and facilities\nFree parking on premises\nFree street parking\nPrivate living room', 'Services\nSelf check-in\nSmart lock\nLong term stays allowed\nAllow stay for 28 days or more', 'Not included\nUnavailable: Private entrance\nPrivate entrance']","['https://a0.muscache.com/pictures/dbad416b-2f85-40d4-b7e3-fd58c7ac7f9f.jpg', 'https://a0.muscache.com/pictures/cd5a5826-d44d-4b8e-8111-0f1d185da0b9.jpg', 'https://a0.muscache.com/pictures/b9121219-70b4-44b9-954b-dc130aff546a.jpg', 'https://a0.muscache.com/pictures/04ceb197-3bf1-4d79-8b34-f9a0d81d9c58.jpg', 'https://a0.muscache.com/pictures/54e5f130-abd1-4f06-a80b-5b9a1e5b1dfd.jpg']",host data is not there
/rooms/19123858?adults=1&children=0&infants=0&pets=0&check_in=2023-01-22&check_out=2023-01-27&previous_page_section_name=1000,Great Location Studio II,Apartment in Chicago,Superhost,$40Â ,empty,1 queen bed,4.81 Â·,https://www.airbnb.com/s/Chicago--Illinois--United-States/homes?tab_id=home_tab&refinement_paths%5B%5D=%2Fhomes&flexible_trip_lengths%5B%5D=one_week&price_filter_input_type=0&price_filter_num_nights=5&date_picker_type=calendar&source=structured_search_input_header&search_type=autocomplete_click&query=Chicago%2C%20IL&place_id=ChIJ7cv00DwsDogRAMDACa2m4K8&items_offset=140,"Chicago, Illinois, United States",Entire rental unit hosted byÂ Ensavi2 guests Â·  Â· Studio Â·  Â· 1 bed Â·  Â· 1 bath,2 guests Â· **__** Â· Studio Â· **__** Â· 1 bed Â· **__** Â· 1 bath,"Great location studio. Walk to everything. 5 min walk to Oak Beach & Mag. Mile, 5 min to John Hancock tower, 5 min red line/brown line. 10 min walk to MCA, 20 min to Millenium Park and Art Institute.. Hardwood floor, full size bed. Maximum occupancy 2 persons.Other things to noteThis is a small studio ideal for 1 to 2 people who want to explore the city.",Kitchen**__**Wifi**__**Free street parking**__**TV**__**Elevator**__**Washer**__**Dryer**__**Air conditioning**__**Hair dryer**__**Unavailable: Carbon monoxide alarmCarbon monoxide alarm,Entire rental unit hosted by Ensavi,"['Bathroom\nHair dryer\nShampoo\nHot water', 'Bedroom and laundry\nWasher\nDryer\nEssentials\nTowels, bed sheets, soap, and toilet paper\nHangers\nBed linens', 'Entertainment\nTV', 'Heating and cooling\nAir conditioning\nHeating', 'Home safety\nSmoke alarm', 'Internet and office\nWifi', 'Kitchen and dining\nKitchen\nSpace where guests can cook their own meals\nRefrigerator\nMicrowave\nCooking basics\nPots and pans, oil, salt and pepper\nDishes and silverware\nBowls, chopsticks, plates, cups, etc.\nStove\nOven\nCoffee maker', 'Parking and facilities\nFree street parking\nElevator\nThe home or building has an elevator thatâ€™s at least 52 inches deep and a doorway at least 32 inches wide.', 'Services\nSelf check-in\nKeypad\nCheck yourself into the home with a door code\nLong term stays allowed\nAllow stay for 28 days or more', 'Not included\nUnavailable: Carbon monoxide alarm\nCarbon monoxide alarm\nThis place may not have a carbon monoxide detector. Reach out to the host with any questions.\nUnavailable: Private entrance\nPrivate entrance']","['https://a0.muscache.com/pictures/1fb164e5-f2b6-463b-ad85-eb5236fe2324.jpg', 'https://a0.muscache.com/pictures/3c939b44-cfc3-46b7-b6d2-0823c3917b9b.jpg', 'https://a0.muscache.com/pictures/172f13cf-f22c-4443-a3ad-ca0e36e15058.jpg', 'https://a0.muscache.com/pictures/fd331c00-5628-429f-bf66-b5d123bbc159.jpg', 'https://a0.muscache.com/pictures/2cbde633-2070-4197-9973-6fb86e8af45e.jpg']",host data is not there
/rooms/27130424?adults=1&children=0&infants=0&pets=0&check_in=2022-12-17&check_out=2022-12-22&previous_page_section_name=1000,"UChicago, Shops + Eats, Lake | Gym + W&D | Zencity",Apartment in Chicago,empty,$70Â ,empty,1 queen bed,4.45 Â·,https://www.airbnb.com/s/Chicago--Illinois--United-States/homes?tab_id=home_tab&refinement_paths%5B%5D=%2Fhomes&flexible_trip_lengths%5B%5D=one_week&price_filter_input_type=0&price_filter_num_nights=5&date_picker_type=calendar&source=structured_search_input_header&search_type=autocomplete_click&query=Chicago%2C%20IL&place_id=ChIJ7cv00DwsDogRAMDACa2m4K8&items_offset=140,"Chicago, Illinois, United States",Entire rental unit hosted byÂ Zencity3 guests Â·  Â· 1 bedroom Â·  Â· 1 bed Â·  Â· 1 bath,3 guests Â· **__** Â· 1 bedroom Â· **__** Â· 1 bed Â· **__** Â· 1 bath,"This simple, modern one bedroom Hyde Park suite has a lot going for it: luxurious queen bed, full kitchen, spacious living area, and even a work corner and desk. Thereâ€™s a lot to see and do on Chicagoâ€™s south side, and this is the perfect spot to unwind after taking it all inâ€”whether youâ€™re here for business, pleasure, or anything in between.The spaceZencity is the easiest decision youâ€™ll make in travel. With simple 24-hourcheck-in, a dedicated customer service agent always available, andconsistently high standards you can trust, we help you embrace the joyof traveling without any of the stress.",City skyline view**__**Kitchen**__**Wifi**__**Free street parking**__**Pets allowed**__**HDTV with Netflix**__**Washer**__**Dryer**__**Air conditioning**__**Security cameras on property,Entire rental unit hosted by Zencity,"['Scenic views\nCity skyline view', 'Bathroom\nHair dryer\nCleaning products\nShampoo\nConditioner\nBody soap\nHot water\nShower gel', 'Bedroom and laundry\nWasher\nDryer\nEssentials\nTowels, bed sheets, soap, and toilet paper\nHangers\nBed linens\nExtra pillows and blankets\nRoom-darkening shades\nIron\nClothing storage', 'Entertainment\nHDTV with Netflix\nBooks and reading material', 'Heating and cooling\nAir conditioning\nHeating', 'Home safety\nSecurity cameras on property\n100% privacy safe noise and motion monitor located in living room and/or kitchen will be turned on during your stay. The device is not capable of, and does NOT record voices or speech.\nSmoke alarm\nCarbon monoxide alarm\nFirst aid kit', 'Internet and office\nWifi', 'Kitchen and dining\nKitchen\nSpace where guests can cook their own meals\nRefrigerator\nMicrowave\nCooking basics\nPots and pans, oil, salt and pepper\nDishes and silverware\nBowls, chopsticks, plates, cups, etc.\nFreezer\nDishwasher\nStove\nOven\nHot water kettle\nCoffee maker\nWine glasses\nBaking sheet\nCoffee', 'Parking and facilities\nFree street parking\nShared gym in building\nPaid parking off premises\nSingle level home\nNo stairs in home', 'Services\nPets allowed\nAssistance animals are always allowed\nLong term stays allowed\nAllow stay for 28 days or more\nSelf check-in\nBuilding staff\nSomeone is available 24 hours a day to let guests in', 'Not included\nUnavailable: Private entrance\nPrivate entrance']","['https://a0.muscache.com/pictures/da43a595-fc1d-42a4-b05f-103ae93c016e.jpg', 'https://a0.muscache.com/pictures/2fe2c7a6-d83a-49db-ab7d-7e34486d8d46.jpg', 'https://a0.muscache.com/pictures/e410c42e-84d8-43a4-9058-720c01631b6e.jpg', 'https://a0.muscache.com/pictures/7c6dfbc4-ce0a-408c-8040-66552bd7c0a3.jpg', 'https://a0.muscache.com/pictures/bd8b78c1-8864-4608-81bb-7875cd6c9b75.jpg']",host data is not there
/rooms/638008650510485051?adults=1&children=0&infants=0&pets=0&check_in=2022-12-03&check_out=2022-12-08&previous_page_section_name=1000,Huge NorthSide Classic | Fantastically near Train,Apartment in Chicago,empty,$68Â ,empty,3 beds,4.50 Â·,https://www.airbnb.com/s/Chicago--Illinois--United-States/homes?tab_id=home_tab&refinement_paths%5B%5D=%2Fhomes&flexible_trip_lengths%5B%5D=one_week&price_filter_input_type=0&price_filter_num_nights=5&date_picker_type=calendar&source=structured_search_input_header&search_type=autocomplete_click&query=Chicago%2C%20IL&place_id=ChIJ7cv00DwsDogRAMDACa2m4K8&items_offset=140,"Chicago, Illinois, United States",Entire rental unit hosted byÂ George5 guests Â·  Â· 2 bedrooms Â·  Â· 3 beds Â·  Â· 1 bath,5 guests Â· **__** Â· 2 bedrooms Â· **__** Â· 3 beds Â· **__** Â· 1 bath,Your family will be close to everything when you stay at this centrally-located place.License numberR20000054397,"Kitchen**__**Wifi**__**Dedicated workspace**__**Free parking on premises**__**TV**__**Air conditioning**__**Private patio or balcony**__**Childrenâ€™s books and toys for ages 0-2 years old, 2-5 years old, and 5-10 years old**__**Hair dryer**__**Refrigerator",Entire rental unit hosted by George,[],"['https://a0.muscache.com/pictures/miso/Hosting-638008650510485051/original/4a120b9f-cebe-4aa5-8243-efc6c2348ca7.jpeg', 'https://a0.muscache.com/pictures/miso/Hosting-638008650510485051/original/8aa2e21d-5d63-4578-bbe6-3d8745b9a824.jpeg', 'https://a0.muscache.com/pictures/miso/Hosting-638008650510485051/original/33ddb3f3-21f1-45ad-a7f0-affbeba8c0ee.jpeg', 'https://a0.muscache.com/pictures/miso/Hosting-638008650510485051/original/89755b85-2adb-4952-ab69-1c5e7723b348.jpeg', 'https://a0.muscache.com/pictures/miso/Hosting-638008650510485051/original/9a1f9901-79a3-4a3f-a932-1a2692bc579b.jpeg']",host data is not there
/rooms/711841142491970819?adults=1&children=0&infants=0&pets=0&check_in=2022-12-03&check_out=2022-12-08&previous_page_section_name=1000,McCormick Place Studio/parking/sleeps up to 4,Apartment in Chicago,Superhost,$98Â ,empty,2 beds,4.78 Â·,https://www.airbnb.com/s/Chicago--Illinois--United-States/homes?tab_id=home_tab&refinement_paths%5B%5D=%2Fhomes&flexible_trip_lengths%5B%5D=one_week&price_filter_input_type=0&price_filter_num_nights=5&date_picker_type=calendar&source=structured_search_input_header&search_type=autocomplete_click&query=Chicago%2C%20IL&place_id=ChIJ7cv00DwsDogRAMDACa2m4K8&items_offset=140,"Chicago, Illinois, United States",Entire rental unit hosted byÂ Milan4 guests Â·  Â· Studio Â·  Â· 2 beds Â·  Â· 1 bath,4 guests Â· **__** Â· Studio Â· **__** Â· 2 beds Â· **__** Â· 1 bath,"â€¢ Steps away from McCormick Placeâ€¢ Michigan Avenue locationâ€¢ 2 shifts Security officers in the buildingâ€¢ City viewâ€¢ Queen size bed + Queen size Air mattress for 2 extra guestsâ€¢ Comfortable stay for up to 4 guests at a timeâ€¢ Access to the Gymâ€¢ Dedicated Internetâ€¢ 4K smart HDTV(Netflix and Roku)â€¢ Fully equipped & stocked kitchen with complimentary Coffee & Teaâ€¢ Walk to Restaurants and Shoppingâ€¢ Minutes to all touristic destinationsâ€¢ Optional Parking space for only $25/dayThe spaceDesigned with the traveler in mind, this Studio Suite (Sleeps 4) caters all your needs in a modern, spacious layout with metropolitan decor that gives this suite a sophisticated edge. The Michigan Suites are thriving with downtown vibes. The suite offers guests a modern space with custom comforts that are a cut above the usual Airbnb experience. It is uniquely designed to its own stylish accents and convenient amenities to give you the perfect mixture of home and away. At the premium status level, our suite provides you with a premiere experience in a premiere city.At a Glance:- Michigan avenue location- 1 Queen bed in the unit for the initial two guests + Queen size Air mattress with fresh bedding is provided for extra two guests in case if the reservation is for 4 people- Custom furnishing- Dedicated Internet- In walking distance to the best bars and restaurantsOur McCormick Lofts haveÂ  high ceilings and stunning views of the South loop to make your stay the perfect combination of comfort and lifestyle. Our guests enjoy apartment features including beautiful 10-12 ft lofted ceilings, remodeled floors and kitchens. The fitness room comes in especially handy in the winter, complete with cross training, treadmills, and weight sets.Our properties are the top-rated locations in Chicago! Guests are happier about it compared to other properties in the area. This can be easily checked in our over 1000 reviews.This property is also rated for the best value in Chicago! Guests are getting more for their money when compared to other properties in the city.Central Heating and CoolingContemporary KitchensLarge WindowsNew CountertopsLuxury Vinyl TileStainless Steel AppliancesBedroom ClosetsSteps away from McCormick Place and SquareAround 1 mile to South of Museum CampusEasy Access to Lakefront and Grant ParkEasy Access to Local ExpresswaysEasy Access to Public TransportationWalkscore: 92Q: Is the neighborhood safe?A: Very much so. 24 hours a day.Q: How far away are you from....A: McCormick? 7-9 min walkThe nearest Subway station? 5-6 min walkSoldier Field? 5 min uber Museum Campus? 7min uberDowntown? 8 min uberQ: PARKING?A: We have an optional parking spot for our renters for only $25/dayQ: Do I need to bring towels, a hair dryer, or linens?A: Nope! We provide all these things. We also provide you with a starter pack of toilet papers, individually wrapped toothbrushes, individual toothpastes.Â Q: When can I check in or check out? A: Check in is 4pm and check out is 11am. Early check-ins can be difficult if there are guests who checked out same day. We ask for an early check-in, or a late-check out fee, if you request either.Q: Can I come and go as I please?A: Yes. And we wouldn't trust any listing with which this isn't the case.Q: Is the place professionally cleaned between guests?A: Yes, and we take pride in providing a clean home for guests.Q: What's my total booking price? A: We honestly have no idea. With fees included, it only shows the guest how much they pay. This figure should be present after you enter your dates. Note that pricing varies on a daily basis, and it actually uses anÂ algorithm to adjust it automatically.Q: Are the beds comfortable?A: Very. Some guests say they're the best they've ever slept on and asked us where we bought the mattresses from.",,Entire rental unit hosted by Milan,"['Scenic views\nCity skyline view', 'Bathroom\nBathtub\nHair dryer\nCleaning products\nShampoo\nConditioner\nBody soap\nHot water\nShower gel', 'Bedroom and laundry\nPaid washer â€“ In building\nPaid dryer â€“ In building\nEssentials\nTowels, bed sheets, soap, and toilet paper\nHangers\nBed linens\nExtra pillows and blankets\nIron\nDrying rack for clothing\nMosquito net\nClothing storage: closet', 'Entertainment\nEthernet connection\n55"" HDTV with Netflix, premium cable, Roku\nBooks and reading material', 'Family\nCrib - available upon request\nStandard (52 inches long x 28 inches wide), sheets provided\nPack â€™n play/Travel crib - available upon request\nSheets provided\nStandalone high chair - available upon request\nWith straps/harness\nBoard games', 'Heating and cooling\nAC - split type ductless system\nPortable fans\nRadiant heating', 'Home safety\nSecurity cameras on property\n24 h surveillance is provided through the safety camera that is installed from the right side of the entrance door in the hallway and is recording the\nSmoke alarm\nCarbon monoxide alarm\nFire extinguisher\nFirst aid kit', 'Internet and office\nWifi\nDedicated workspace\nIn a common space', 'Kitchen and dining\nKitchen\nSpace where guests can cook their own meals\nFrigidaire refrigerator\nMicrowave\nCooking basics\nPots and pans, oil, salt and pepper\nDishes and silverware\nBowls, chopsticks, plates, cups, etc.\nDishwasher\nFrigidaire stainless steel electric stove\nFrigidaire stainless steel oven\nHot water kettle\nCoffee maker: drip coffee maker\nWine glasses\nToaster\nBaking sheet\nCoffee', 'Location features\nPrivate entrance\nSeparate street or building entrance\nLaundromat nearby', 'Parking and facilities\nElevator\nThe home or building has an elevator thatâ€™s at least 52 inches deep and a doorway at least 32 inches wide.\nShared gym in building\nPaid parking garage on premises â€“ 1 space\nSingle level home\nNo stairs in home', ""Services\nLuggage dropoff allowed\nFor guests' convenience when they have early arrival or late departure\nLong term stays allowed\nAllow stay for 28 days or more\nSelf check-in\nSmart lock""]","['https://a0.muscache.com/pictures/miso/Hosting-711841142491970819/original/42663bae-3f0e-4fa6-a64a-7e0ba7477bb9.jpeg', 'https://a0.muscache.com/pictures/miso/Hosting-711841142491970819/original/d0a3318f-27e5-44a8-9295-c42faa1c992a.jpeg', 'https://a0.muscache.com/pictures/miso/Hosting-711841142491970819/original/d175d874-e9cf-4fd8-90e5-ab3e6160f56d.jpeg', 'https://a0.muscache.com/pictures/miso/Hosting-711841142491970819/original/9f353df5-17d4-4ebc-843a-364aea45435b.jpeg', 'https://a0.muscache.com/pictures/miso/Hosting-711841142491970819/original/9c2c5cf0-efea-457c-83f9-04acf8eb63c0.jpeg']",host data is not there
/rooms/574724965794706432?adults=1&children=0&infants=0&pets=0&check_in=2022-12-03&check_out=2022-12-10&previous_page_section_name=1000,Self Check-in 8 min Downtown Chicago,Private room in Chicago,empty,$33Â ,empty,1 single bed,4.73 Â·,https://www.airbnb.com/s/Chicago--Illinois--United-States/homes?tab_id=home_tab&refinement_paths%5B%5D=%2Fhomes&flexible_trip_lengths%5B%5D=one_week&price_filter_input_type=0&price_filter_num_nights=5&date_picker_type=calendar&source=structured_search_input_header&search_type=autocomplete_click&query=Chicago%2C%20IL&place_id=ChIJ7cv00DwsDogRAMDACa2m4K8&items_offset=140,"Chicago, Illinois, United States",Private room in home hosted byÂ Eduardo1 guest Â·  Â· 1 bedroom Â·  Â· 1 bed Â·  Â· 2 shared baths,1 guest Â· **__** Â· 1 bedroom Â· **__** Â· 1 bed Â· **__** Â· 2 shared baths,"This stylish place to stay is perfect for guests looking to have a great airbnb experience. Recently renovated, enjoy the comfort of staying on a brand new home with everything brand new. Brand new mattress, comforters, sheets, towels and everything else! Each room is equipped with Smart TV with Netflix, Amazon Videos and 300+ TV channels included, expensive luxury mattresses with 4 layers sheets & comforters bed setup, air conditioning with air humidifier, high speed internet and so much more!The spaceConvenient location close to downtown Chicago, Chinatown, White Sox, Pilsen, South Loop & McCormick Convention Center.","Bay view**__**Kitchen**__**Wifi**__**Dedicated workspace**__**Free parking on premises**__**32"" HDTV with Netflix, Amazon Prime Video**__**Free washer â€“ In unit**__**Free dryer â€“ In unit**__**Central air conditioning**__**Security cameras on property",Private room in home hosted by Eduardo,"['Scenic views\nBay view', 'Bathroom\nHair dryer\nCleaning products\nShampoo\nConditioner\nBody soap\nHot water\nShower gel', 'Bedroom and laundry\nFree washer â€“ In unit\nFree dryer â€“ In unit\nEssentials\nTowels, bed sheets, soap, and toilet paper\nHangers\nBed linens\nIron\nClothing storage', 'Entertainment\n32"" HDTV with Netflix, Amazon Prime Video', 'Heating and cooling\nCentral air conditioning\nHeating', ""Home safety\nSecurity cameras on property\ncommon areas and external areas to ensure everyone's safety\nSmoke alarm\nCarbon monoxide alarm\nFire extinguisher\nLock on bedroom door\nPrivate room can be locked for safety and privacy\nFirst aid kit"", 'Internet and office\nWifi\nDedicated workspace\nIn a room with a door', 'Kitchen and dining\nKitchen\nSpace where guests can cook their own meals\nRefrigerator\nMicrowave\nCooking basics\nPots and pans, oil, salt and pepper\nDishes and silverware\nBowls, chopsticks, plates, cups, etc.\nFreezer\nStove\nOven\nHot water kettle\nCoffee maker: pour-over coffee\nWine glasses\nToaster\nBaking sheet\nCoffee\nDining table\nBread maker', 'Outdoor\nShared patio or balcony\nShared backyard â€“ Fully fenced\nAn open space on the property usually covered in grass\nOutdoor furniture\nOutdoor dining area', 'Parking and facilities\nFree parking on premises\nFree street parking', ""Services\nLuggage dropoff allowed\nFor guests' convenience when they have early arrival or late departure\nLong term stays allowed\nAllow stay for 28 days or more\nSelf check-in\nSmart lock"", 'Not included\nUnavailable: Private entrance\nPrivate entrance']","['https://a0.muscache.com/pictures/42f2ecc1-e76c-4840-9204-28369865a523.jpg', 'https://a0.muscache.com/pictures/17d00c4b-a381-4c10-8c14-9682596a66a8.jpg', 'https://a0.muscache.com/pictures/d5607428-b797-42a9-85bb-78644076a0f7.jpg', 'https://a0.muscache.com/pictures/6bd79bd5-0163-4290-aeb3-83708e102039.jpg', 'https://a0.muscache.com/pictures/miso/Hosting-562484783733250852/original/82367e61-b870-4a2c-9baa-d895c58fd805.jpeg']",host data is not there
/rooms/53612396?adults=1&children=0&infants=0&pets=0&check_in=2023-01-14&check_out=2023-01-19&previous_page_section_name=1000,â€¼ï¸ğŸ”†Spacious Gold Coast Apartment | Rooftop PoolğŸ”†â€¼ï¸,Apartment in Chicago,empty,$91Â ,empty,2 beds,4.80 Â·,https://www.airbnb.com/s/Chicago--Illinois--United-States/homes?tab_id=home_tab&refinement_paths%5B%5D=%2Fhomes&flexible_trip_lengths%5B%5D=one_week&price_filter_input_type=0&price_filter_num_nights=5&date_picker_type=calendar&source=structured_search_input_header&search_type=autocomplete_click&query=Chicago%2C%20IL&place_id=ChIJ7cv00DwsDogRAMDACa2m4K8&items_offset=140,"Chicago, Illinois, United States",Entire rental unit hosted byÂ Patricia5 guests Â·  Â· 1 bedroom Â·  Â· 2 beds Â·  Â· 1 bath,5 guests Â· **__** Â· 1 bedroom Â· **__** Â· 2 beds Â· **__** Â· 1 bath,"Lavish Gold Coast spacious apartment in the best location in Chicago. This large unit offers sweeping views of the city. Relax indoors amongst designer furnishings, flat-screen TV, and luxe amenities. The building features a rooftop pool on the 24th floor, gym, and business center. This unit meets all modern needs: full kitchen, in-suite washer/dryer, and premium mattresses.The spaceThe bedroom includes a large King Bed that can sleep three if needed. We have an amazing Crate & Barrel sofa bed in the living room that folds out into a queen size bed that can be made with fresh clean linen and a comforter with extra pillows. We also supply a queen size air mattress. Gold Coast is home to some of the best restaurants in Chicago RIGHT ACROSS THE STREET FROM OUR BUILDING. Enjoy Tavern on Rush, Gibsons Steak, and many more steps away.",Kitchen**__**Wifi**__**Shared pool**__**TV**__**Washer**__**Dryer**__**Air conditioning**__**Indoor fireplace**__**Luggage dropoff allowed**__**Hair dryer,Entire rental unit hosted by Patricia,"['Bathroom\nHair dryer\nShampoo', 'Bedroom and laundry\nWasher\nDryer\nEssentials\nTowels, bed sheets, soap, and toilet paper\nHangers\nIron', 'Entertainment\nTV', 'Heating and cooling\nAir conditioning\nIndoor fireplace\nHeating', 'Home safety\nSmoke alarm\nCarbon monoxide alarm\nFirst aid kit', 'Internet and office\nWifi', 'Kitchen and dining\nKitchen\nSpace where guests can cook their own meals\nRefrigerator\nMicrowave\nCooking basics\nPots and pans, oil, salt and pepper\nDishes and silverware\nBowls, chopsticks, plates, cups, etc.\nStove\nCoffee maker', 'Outdoor\nFire pit\nOutdoor furniture\nBBQ grill', 'Parking and facilities\nShared pool\nGym\nPaid parking off premises', ""Services\nLuggage dropoff allowed\nFor guests' convenience when they have early arrival or late departure\nLong term stays allowed\nAllow stay for 28 days or more\nSelf check-in\nLockbox"", 'Not included\nUnavailable: Private entrance\nPrivate entrance']","['https://a0.muscache.com/pictures/e9cad088-3096-41f6-833a-4f02021c52fd.jpg', 'https://a0.muscache.com/pictures/e8574254-fc20-4a7a-a8a4-89d077750312.jpg', 'https://a0.muscache.com/pictures/miso/Hosting-48813245/original/b2cd5150-e3f8-4aa7-b3b7-66bb720cad59.jpeg', 'https://a0.muscache.com/pictures/miso/Hosting-53612396/original/2458a301-498d-4522-bdc3-9b57f4d7e412.jpeg', 'https://a0.muscache.com/pictures/miso/Hosting-53612396/original/0fe5f84d-d40d-4364-bca5-d65e2af2f130.jpeg']",host data is not there
/rooms/47050467?adults=1&children=0&infants=0&pets=0&check_in=2022-12-03&check_out=2022-12-09&previous_page_section_name=1000,Affordable 2 bedroom Apt,Apartment in Chicago,empty,$59Â ,empty,2 beds,3.98 Â·,https://www.airbnb.com/s/Chicago--Illinois--United-States/homes?tab_id=home_tab&refinement_paths%5B%5D=%2Fhomes&flexible_trip_lengths%5B%5D=one_week&price_filter_input_type=0&price_filter_num_nights=5&date_picker_type=calendar&source=structured_search_input_header&search_type=autocomplete_click&query=Chicago%2C%20IL&place_id=ChIJ7cv00DwsDogRAMDACa2m4K8&items_offset=140,"Chicago, Illinois, United States",Entire rental unit hosted byÂ Hector4 guests Â·  Â· 2 bedrooms Â·  Â· 2 beds Â·  Â· 1 bath,4 guests Â· **__** Â· 2 bedrooms Â· **__** Â· 2 beds Â· **__** Â· 1 bath,empty,,Entire rental unit hosted by Hector,[],"['https://a0.muscache.com/pictures/8bde9842-61f1-4a19-a564-6a306ed3fe7e.jpg', 'https://a0.muscache.com/pictures/36b77cce-d1a3-4700-a0da-62fb6c5c1f46.jpg', 'https://a0.muscache.com/pictures/fd3b1efe-a809-4de4-ba8e-308fafff7b51.jpg', 'https://a0.muscache.com/pictures/76c34f52-c3e2-4b6c-9f96-0e07096ff178.jpg', 'https://a0.muscache.com/pictures/954fb4d3-08d8-4e94-bbaa-68b81c659a48.jpg']",host data is not there
/rooms/25714121?adults=1&children=0&infants=0&pets=0&check_in=2022-12-03&check_out=2022-12-08&previous_page_section_name=1000,B6-6- Next to Downtown Private Room,Private room in Chicago,empty,$30Â ,empty,1 double bed,4.10 Â·,https://www.airbnb.com/s/Chicago--Illinois--United-States/homes?tab_id=home_tab&refinement_paths%5B%5D=%2Fhomes&flexible_trip_lengths%5B%5D=one_week&price_filter_input_type=0&price_filter_num_nights=5&date_picker_type=calendar&source=structured_search_input_header&search_type=autocomplete_click&query=Chicago%2C%20IL&place_id=ChIJ7cv00DwsDogRAMDACa2m4K8&items_offset=140,"Chicago, Illinois, United States",Private room in home hosted byÂ Alejandra2 guests Â·  Â· 1 bedroom Â·  Â· 1 bed Â·  Â· 2 shared baths,2 guests Â· **__** Â· 1 bedroom Â· **__** Â· 1 bed Â· **__** Â· 2 shared baths,"This place is Located on west loop, which is actually considered Part of Downtown (has a Train station very close(7min walking/0.3miles). This train works 24/7. It goes to the heart of Downtown and also direct to the airportOâ€™hare. My place is only 16 minutes(public transportation) to the heart of Downtown. 8-12min driving( 2.5miles). If you want to go to United Center this place is  10 min far by walk but we have one place even closer that is right in front! Please read the whole advertisement!The spaceYou will have 1 full size bed in a private bedroom. Each room is going to have its own combination lock. There is free parking on the street.*I only accept payments through Airbnb platform*",Kitchen**__**Wifi**__**Free street parking**__**Air conditioning**__**Hair dryer**__**Refrigerator**__**Microwave,Private room in home hosted by Alejandra,"['Bathroom\nHair dryer\nShampoo\nHot water', 'Bedroom and laundry\nEssentials\nTowels, bed sheets, soap, and toilet paper\nHangers\nBed linens\nIron', 'Heating and cooling\nAir conditioning\nHeating', 'Home safety\nSmoke alarm\nCarbon monoxide alarm\nFire extinguisher\nLock on bedroom door\nPrivate room can be locked for safety and privacy', 'Internet and office\nWifi', 'Kitchen and dining\nKitchen\nSpace where guests can cook their own meals\nRefrigerator\nMicrowave\nCooking basics\nPots and pans, oil, salt and pepper\nDishes and silverware\nBowls, chopsticks, plates, cups, etc.\nStove\nOven\nCoffee maker', 'Parking and facilities\nFree street parking\nPaid parking on premises\nPrivate living room', 'Services\nSelf check-in\nKeypad\nCheck yourself into the home with a door code', 'Not included\nUnavailable: TV\nTV\nUnavailable: Washer\nWasher\nUnavailable: Private entrance\nPrivate entrance']","['https://a0.muscache.com/pictures/df81afe3-c87c-4e83-93a6-899287e604c5.jpg', 'https://a0.muscache.com/pictures/f8a582db-2628-4095-a951-a0dbf2101b90.jpg', 'https://a0.muscache.com/pictures/f95a1b6d-2dc5-4ff3-a258-95f85a5ab82d.jpg', 'https://a0.muscache.com/pictures/30cf6077-456c-42a3-9fea-4e163b015564.jpg', 'https://a0.muscache.com/pictures/213282c4-cb23-4e32-919d-131971b77372.jpg']",host data is not there
/rooms/771852829717765782?adults=1&children=0&infants=0&pets=0&check_in=2022-12-06&check_out=2022-12-11&previous_page_section_name=1000,1BR Contemporary and Lovely Apartment in Lakeview,Apartment in Chicago,empty,empty,$78,1 king bed,empty,https://www.airbnb.com/s/Chicago--Illinois--United-States/homes?tab_id=home_tab&refinement_paths%5B%5D=%2Fhomes&flexible_trip_lengths%5B%5D=one_week&price_filter_input_type=0&price_filter_num_nights=5&date_picker_type=calendar&source=structured_search_input_header&search_type=autocomplete_click&query=Chicago%2C%20IL&place_id=ChIJ7cv00DwsDogRAMDACa2m4K8&items_offset=140,"Chicago, Illinois, United States",Entire rental unit hosted byÂ Garrie2 guests Â·  Â· 1 bedroom Â·  Â· 1 bed Â·  Â· 1 bath,2 guests Â· **__** Â· 1 bedroom Â· **__** Â· 1 bed Â· **__** Â· 1 bath,"Our stylish one-bedroom, one-bathroom apartment is a perfect placeÂ for exploring Chicago. Whatever brings you to the city, you'll feel right at home in our pleasant, quiet neighborhood. Enjoy a stylish experience at this centrally-located place.The spaceOur one-bedroom homeÂ has a king-size bed, premium linens, and enough closet space for you to unpack and store your luggage.There is also a full bathroom with a shower, sink, and toilet. Shampoo, conditioner, and body wash are all provided, as well as hand soap and fluffy towels. A hot shower is the best way to warm up after a stroll through Chicago.The kitchen is fully stocked with dishes, utensils, and cookware. A stove, oven, full-size fridge and freezer, dishwasher, microwave, toaster, and coffee maker are among the appliances.",Kitchen**__**Wifi**__**TV**__**Paid washer â€“ In building**__**Paid dryer â€“ In building**__**Bathtub**__**Hair dryer**__**Refrigerator**__**Security cameras on property**__**Unavailable: Carbon monoxide alarmCarbon monoxide alarm,Entire rental unit hosted by Garrie,[],"['https://a0.muscache.com/pictures/miso/Hosting-771852829717765782/original/f786b7e7-3428-4851-aa7d-ae1d4c137d3d.jpeg', 'https://a0.muscache.com/pictures/miso/Hosting-771852829717765782/original/1bc84924-b366-4718-be84-04036ee8749b.jpeg', 'https://a0.muscache.com/pictures/miso/Hosting-771852829717765782/original/33a0ba51-9939-4756-a13e-82b32e918bcb.jpeg', 'https://a0.muscache.com/pictures/miso/Hosting-771852829717765782/original/573433ff-1ac8-437e-9322-7a7f94e4cb32.jpeg', 'https://a0.muscache.com/pictures/miso/Hosting-771852829717765782/original/4a994582-6eed-49e4-a316-9ddcd1df306a.jpeg']",host data is not there
/rooms/49255810?adults=1&children=0&infants=0&pets=0&check_in=2022-12-03&check_out=2022-12-08&previous_page_section_name=1000,3A5ih1 Bright Room Near Chicago,Private room in Oak Park,empty,empty,$69,1 queen bed,4.57 Â·,https://www.airbnb.com/s/Chicago--Illinois--United-States/homes?tab_id=home_tab&refinement_paths%5B%5D=%2Fhomes&flexible_trip_lengths%5B%5D=one_week&price_filter_input_type=0&price_filter_num_nights=5&date_picker_type=calendar&source=structured_search_input_header&search_type=autocomplete_click&query=Chicago%2C%20IL&place_id=ChIJ7cv00DwsDogRAMDACa2m4K8&items_offset=140,"Oak Park, Illinois, United States",Private room in home hosted by Michael AndÂ Ling2 guests Â·  Â· 1 bedroom Â·  Â· 1 bed Â·  Â· 1 shared bath,2 guests Â· **__** Â· 1 bedroom Â· **__** Â· 1 bed Â· **__** Â· 1 shared bath,"Fantastic private room with lots of windows and natural sun light. Very convenient location to restaurants, supermarkets and CTA bus stations. Less than 20 min drive to Chicago Downtown.IMPORTANT: The other rooms at this house are shared with the host or other guests - you cannot reserve the entire house.Guest accessParking: 5 days of free street parking (Online registration required! Please ask host for additional info on registration). Parking for 5+ days: metered parking at lots near by (5 min walk). Registration and MONTHLY parking permits with the city required at a rate of $2-5/day. Host will provide additional information if needed.",Kitchen**__**Wifi**__**Dedicated workspace**__**Free street parking**__**TV with standard cable**__**Washer**__**Dryer**__**Air conditioning**__**Bathtub**__**Security cameras on property,Private room in home hosted by Michael And Ling,"['Bathroom\nBathtub\nHair dryer\nCleaning products\nShampoo\nSuave conditioner\nDove body soap\nHot water\nShower gel', 'Bedroom and laundry\nWasher\nDryer\nEssentials\nTowels, bed sheets, soap, and toilet paper\nHangers\nBed linens\nIron', 'Entertainment\nTV with standard cable', 'Heating and cooling\nAir conditioning\nPortable fans\nHeating', 'Home safety\nSecurity cameras on property\nEntrance and some common area\nSmoke alarm\nCarbon monoxide alarm\nFire extinguisher\nLock on bedroom door\nPrivate room can be locked for safety and privacy\nFirst aid kit', 'Internet and office\nWifi\nDedicated workspace', 'Kitchen and dining\nKitchen\nSpace where guests can cook their own meals\nRefrigerator\nMicrowave\nCooking basics\nPots and pans, oil, salt and pepper\nDishes and silverware\nBowls, chopsticks, plates, cups, etc.\nFreezer\nStove\nOven\nHot water kettle\nCoffee maker\nToaster\nBaking sheet\nDining table', 'Outdoor\nOutdoor dining area', 'Parking and facilities\nFree street parking\nPaid parking off premises\nSingle level home\nNo stairs in home', ""Services\nLuggage dropoff allowed\nFor guests' convenience when they have early arrival or late departure\nLong term stays allowed\nAllow stay for 28 days or more\nSelf check-in\nSmart lock"", 'Not included\nUnavailable: Private entrance\nPrivate entrance']","['https://a0.muscache.com/pictures/8d91b494-14cb-4220-a413-bae4dfa7b7e7.jpg', 'https://a0.muscache.com/pictures/9513aa21-3370-4c97-9ef2-fa6532d96ebb.jpg', 'https://a0.muscache.com/pictures/cc242c6a-0415-4500-aea0-27682c15defc.jpg', 'https://a0.muscache.com/pictures/5d2736db-be0c-4646-bb08-aca28876eb3d.jpg', 'https://a0.muscache.com/pictures/f5dd4e46-af67-4ebe-aecf-0aabe512f424.jpg']",host data is not there
/rooms/559636213330196068?adults=1&children=0&infants=0&pets=0&check_in=2023-01-06&check_out=2023-01-11&previous_page_section_name=1000,Sonder Jewelers Row | Superior One-Bedroom Apartment,Apartment in Chicago,empty,$60Â ,empty,Jan 6 â€“ 11,4.63 Â·,https://www.airbnb.com/s/Chicago--Illinois--United-States/homes?tab_id=home_tab&refinement_paths%5B%5D=%2Fhomes&flexible_trip_lengths%5B%5D=one_week&price_filter_input_type=0&price_filter_num_nights=5&date_picker_type=calendar&source=structured_search_input_header&search_type=autocomplete_click&query=Chicago%2C%20IL&place_id=ChIJ7cv00DwsDogRAMDACa2m4K8&items_offset=140,"Chicago, Illinois, United States",Entire rental unit hosted by SonderÂ (Chicago)2 guests Â·  Â· 1 bedroom Â·  Â· 1 bath,2 guests Â· **__** Â· 1 bedroom Â· **__** Â· 1 bath,"Jewelers Row is the architectural gem of the Chicago Loop. Designed by Adler and Sullivan, the innovative style adds a modern touch to the building. Tall windows brighten up each space, complete with a fully equipped kitchen and in-suite laundry. Check out the dynamic food scene and vivid Theater District in this fascinating city. The Bean landmark and State Street shopping are just minutes away. Set between high-rises and Millenium Park, Jewelers Row offers a stylish space for your stay.The spaceWorking, relaxing, living. Our spaces have all the other essentials you need for your stay.

- Contact-free check-in
â€¨- 24/7 virtual supportâ€¨
- Super-fast WiFiâ€¨
- Fresh towels and bathroom essentials
â€¨- Pre-cleaning before your arrival
- Roku and HDMI cord for streamingâ€¨
- Fully equipped kitchen
- In-suite laundry

Whatâ€™s nearbyâ€¨
- 3 minute walk to The Gage (inventive American eats with Millennium Park views)â€¨
- 3 minute walk to Pittsfield Cafe (classic diner favorites in a historic building)â€¨
- 9 minute walk to Cindyâ€™s Rooftop (stylish rooftop bar with delicious eats)
â€¨- 5 minute walk to Millennium Parkâ€¨

We have multiple spaces at this property, each designed to give you a beautiful place to stay â€” while our style is consistent, the view, layout, and design may vary.",,Entire rental unit hosted by Sonder (Chicago),[],"['https://a0.muscache.com/pictures/prohost-api/Hosting-559636213330196068/original/fd668777-3672-4dcd-8cab-86b7d30e23cd.jpeg', 'https://a0.muscache.com/pictures/prohost-api/Hosting-559636213330196068/original/98df4a32-d750-46a6-9f02-5136339a6e39.jpeg', 'https://a0.muscache.com/pictures/prohost-api/Hosting-559636213330196068/original/562370d4-879c-4e73-92da-e1ab7b169610.jpeg', 'https://a0.muscache.com/pictures/prohost-api/Hosting-559636213330196068/original/72c05720-0bfa-4b5d-8dd4-332c02b1dfae.jpeg', 'https://a0.muscache.com/pictures/prohost-api/Hosting-559636213330196068/original/622301d7-834a-41c5-819f-928030b9d1b3.jpeg']",host data is not there
/rooms/688334639074326203?adults=1&children=0&infants=0&pets=0&check_in=2022-12-12&check_out=2022-12-17&previous_page_section_name=1000,Fabulous Uptown Apartment - Clean & Close to Train,Apartment in Chicago,Superhost,$62Â ,empty,1 bed,5.0 Â·,https://www.airbnb.com/s/Chicago--Illinois--United-States/homes?tab_id=home_tab&refinement_paths%5B%5D=%2Fhomes&flexible_trip_lengths%5B%5D=one_week&price_filter_input_type=0&price_filter_num_nights=5&date_picker_type=calendar&source=structured_search_input_header&search_type=autocomplete_click&query=Chicago%2C%20IL&place_id=ChIJ7cv00DwsDogRAMDACa2m4K8&items_offset=140,"Chicago, Illinois, United States",Entire rental unit hosted by Nala &Â Owen2 guests Â·  Â· 1 bedroom Â·  Â· 1 bed Â·  Â· 1 bath,2 guests Â· **__** Â· 1 bedroom Â· **__** Â· 1 bed Â· **__** Â· 1 bath,empty,,Entire rental unit hosted by Nala & Owen,[],"['https://a0.muscache.com/pictures/miso/Hosting-688334639074326203/original/788f6185-9217-44e9-90df-fd2c08a91e96.jpeg', 'https://a0.muscache.com/pictures/miso/Hosting-688334639074326203/original/ab91bf93-d4c0-46c9-8eef-a1e91944df29.jpeg', 'https://a0.muscache.com/pictures/miso/Hosting-688334639074326203/original/bcbd6d0c-a48b-4e67-9cc0-56c484289eb3.jpeg', 'https://a0.muscache.com/pictures/miso/Hosting-688334639074326203/original/54bd75df-799d-4b15-b71d-d0c9f592e11d.jpeg', 'https://a0.muscache.com/pictures/miso/Hosting-688334639074326203/original/4633061d-2d00-49d2-8bf5-7d238d49dcbc.jpeg']","Hosted by Nala & Owen
Joined in May 2018
1,246 Reviews
Identity verified
ó°€ƒ
Superhost
Co-hosts
Dorian, Dani, & Anna
During your stay
During your stay please call for fast response as we check emails periodically.
Nala & Owen is a Superhost
Superhosts are experienced, highly rated hosts who are committed to providing great stays for guests.
Policy number: R22000088413
Response rate: 100%
Response time: within an hour
Contact Host
To protect your payment, never transfer money or communicate outside of the Airbnb website or app."
/rooms/618009556501252631?adults=1&children=0&infants=0&pets=0&check_in=2022-12-03&check_out=2022-12-08&previous_page_section_name=1000,Cheerful Bedroom in Bridgeport Chicago,Private room in Chicago,empty,$38Â ,empty,1 bed,4.11 Â·,https://www.airbnb.com/s/Chicago--Illinois--United-States/homes?tab_id=home_tab&refinement_paths%5B%5D=%2Fhomes&flexible_trip_lengths%5B%5D=one_week&price_filter_input_type=0&price_filter_num_nights=5&date_picker_type=calendar&source=structured_search_input_header&search_type=autocomplete_click&query=Chicago%2C%20IL&place_id=ChIJ7cv00DwsDogRAMDACa2m4K8&items_offset=140,"Chicago, Illinois, United States",Private room in home hosted byÂ Poliana2 guests Â·  Â· 1 bedroom Â·  Â· 1 bed Â·  Â· 2 shared baths,2 guests Â· **__** Â· 1 bedroom Â· **__** Â· 1 bed Â· **__** Â· 2 shared baths**__**Joined in June 2020**__**PrivacyÂ·**__**Â·TermsÂ·**__**Â·Sitemap**__**PrivacyÂ·**__**Â·TermsÂ·**__**Â·Sitemap**__**PrivacyÂ·**__**Â·TermsÂ·**__**Â·Sitemap,Keep it simple at this peaceful and centrally-located place.License numberR22000080389,Kitchen**__**Wifi**__**Dedicated workspace**__**Free parking on premises**__**Washer,Private room in home hosted by Poliana,[],"['https://a0.muscache.com/pictures/miso/Hosting-617212717650714404/original/8297d10c-0a71-4847-ad8f-4e71f0222cbf.jpeg', 'https://a0.muscache.com/pictures/miso/Hosting-617212717650714404/original/d119fbbc-0dbb-47ca-833c-b5f4706a4747.jpeg', 'https://a0.muscache.com/pictures/miso/Hosting-617212717650714404/original/dba782f9-e1c4-4b40-b625-05286462e399.jpeg', 'https://a0.muscache.com/pictures/miso/Hosting-617212717650714404/original/5caa57bd-786d-445d-b519-741d2f915887.jpeg', 'https://a0.muscache.com/pictures/miso/Hosting-617212717650714404/original/c4d9892d-7dfd-49c8-a163-32cc71e9c99b.jpeg']",host data is not there
/rooms/53922001?adults=1&children=0&infants=0&pets=0&check_in=2022-12-03&check_out=2022-12-08&previous_page_section_name=1000,Designer's 3BR Apt in Hyde Park,Apartment in Chicago,empty,$79Â ,empty,3 king beds,4.53 Â·,https://www.airbnb.com/s/Chicago--Illinois--United-States/homes?tab_id=home_tab&refinement_paths%5B%5D=%2Fhomes&flexible_trip_lengths%5B%5D=one_week&price_filter_input_type=0&price_filter_num_nights=5&date_picker_type=calendar&source=structured_search_input_header&search_type=autocomplete_click&query=Chicago%2C%20IL&place_id=ChIJ7cv00DwsDogRAMDACa2m4K8&items_offset=140,"Chicago, Illinois, United States",Entire rental unit hosted by Inca AndÂ Chris6 guests Â·  Â· 3 bedrooms Â·  Â· 3 beds Â·  Â· 2 baths,6 guests Â· **__** Â· 3 bedrooms Â· **__** Â· 3 beds Â· **__** Â· 2 baths**__**Joined in December 2021**__**PrivacyÂ·**__**Â·TermsÂ·**__**Â·Sitemap**__**PrivacyÂ·**__**Â·TermsÂ·**__**Â·Sitemap**__**PrivacyÂ·**__**Â·TermsÂ·**__**Â·Sitemap,"Enjoy staying in this gorgeously designed apartment! The place is spacious, bright and well-lit. Decorated with modern and chic furniture and a fully-furnished kitchen with high-quality appliances. The place is located in a culturally diverse south side community and in a  neighborhood that is surrounded by beautiful green spaces and lush foliage, lots of sports facilities and an outdoor skating rink!The spaceIn the heart of historic Hyde Park, our apartment features King-size beds, premium linens, and plenty of closet space so you can unpack and forget about your suitcase for a while. Enjoy the privacy of your own room, with doors that close and independently controlled air-conditioning units.The apartment includes 2 full bathrooms, with a shower, sink, and toilet. Weâ€™re all about helping you look (and smell) your best, so we provide shampoo, conditioner, and body wash in addition to hand soap and fluffy towels. Trust us when we say thereâ€™s no better way to warm up after a Windy City walk than a hot shower!Thereâ€™s ample space for guests to relax on the sofa and watch on a large flat-screen TV. Like the rest of the unit, youâ€™ll live it up in luxury among hardwood floors and contemporary dÃ©cor. The entire place has free, fast Wi-Fi and Chicago sunshine streaming in through the windows.Whether youâ€™re craving a home-cooked meal or just somewhere to put the box of deep-dish, our kitchen is fully stocked with cookware, dishes, utensils, and has swanky granite counter tops. Appliances include a full-sized fridge and freezer, gas stove, oven, microwave, toaster, and coffee maker. The only things missing are your favorite farmerâ€™s market finds!**AC: We remove the window air conditioner before the winter comes. This prevents cold air from entering during cold weather and protects the window unit from damage caused by snow and ice.**",Kitchen**__**Wifi**__**Dedicated workspace**__**TV**__**Paid washer â€“ In building**__**Unavailable: Carbon monoxide alarmCarbon monoxide alarm,Entire rental unit hosted by Inca And Chris,"['Bathroom\nBathtub\nHair dryer\nShampoo\nConditioner\nBody soap\nHot water\nShower gel', 'Bedroom and laundry\nPaid washer â€“ In building\nPaid dryer â€“ In building\nEssentials\nTowels, bed sheets, soap, and toilet paper\nHangers\nBed linens\nIron\nClothing storage', 'Entertainment\nTV', 'Family\nPack â€™n play/Travel crib - available upon request', 'Heating and cooling\nAir conditioning\nCeiling fan\nHeating', 'Home safety\nSecurity cameras on property\nCCTVs are installed in common areas. Minut Noise Monitoring device is installed in this unit.\nSmoke alarm\nFire extinguisher\nFirst aid kit', 'Internet and office\nWifi\nDedicated workspace', 'Kitchen and dining\nKitchen\nSpace where guests can cook their own meals\nRefrigerator\nMicrowave\nCooking basics\nPots and pans, oil, salt and pepper\nDishes and silverware\nBowls, chopsticks, plates, cups, etc.\nFreezer\nDishwasher\nStove\nOven\nHot water kettle\nCoffee maker\nToaster\nDining table', 'Services\nLong term stays allowed\nAllow stay for 28 days or more', 'Not included\nUnavailable: Carbon monoxide alarm\nCarbon monoxide alarm\nThis place may not have a carbon monoxide detector. Reach out to the host with any questions.\nUnavailable: Private entrance\nPrivate entrance']","['https://a0.muscache.com/pictures/miso/Hosting-53922001/original/5eed0539-7c3c-41ca-aef5-4f96451c6045.jpeg', 'https://a0.muscache.com/pictures/miso/Hosting-53922001/original/6b06fd3b-a6c2-48d2-a59f-22797e752653.jpeg', 'https://a0.muscache.com/pictures/miso/Hosting-53922001/original/4509e8e6-a21c-465a-8c3f-c95d535164db.jpeg', 'https://a0.muscache.com/pictures/miso/Hosting-53922001/original/efd42986-9dcb-4932-a791-e096fb1ad808.jpeg', 'https://a0.muscache.com/pictures/miso/Hosting-53922001/original/a5ae04e9-9996-4a8c-bd8c-0883ed6ce196.jpeg']","Hosted by Inca And Chris
Joined in December 2021
376 Reviews
Identity verified
I am excited as you are having the opportunity to share my place with you. I hope you'll be comfortable and relaxed during your stay and enjoy what Chicago has to offer whether it be business or pleasure!
Policy number: R21000062365
Response rate: 99%
Response time: within an hour
Contact Host
To protect your payment, never transfer money or communicate outside of the Airbnb website or app."
/rooms/47856271?adults=1&children=0&infants=0&pets=0&check_in=2022-12-11&check_out=2022-12-16&previous_page_section_name=1000,Real Comfort in a 2BR APT close to Wrigley Field,Apartment in Chicago,empty,$51Â ,empty,2 queen beds,4.53 Â·,https://www.airbnb.com/s/Chicago--Illinois--United-States/homes?tab_id=home_tab&refinement_paths%5B%5D=%2Fhomes&flexible_trip_lengths%5B%5D=one_week&price_filter_input_type=0&price_filter_num_nights=5&date_picker_type=calendar&source=structured_search_input_header&search_type=autocomplete_click&query=Chicago%2C%20IL&place_id=ChIJ7cv00DwsDogRAMDACa2m4K8&items_offset=140,"Chicago, Illinois, United States",Entire rental unit hosted by Mia &Â Noah4 guests Â·  Â· 2 bedrooms Â·  Â· 2 beds Â·  Â· 1 bath,4 guests Â· **__** Â· 2 bedrooms Â· **__** Â· 2 beds Â· **__** Â· 1 bath**__**Joined in September 2017**__**PrivacyÂ·**__**Â·TermsÂ·**__**Â·Sitemap**__**PrivacyÂ·**__**Â·TermsÂ·**__**Â·Sitemap**__**PrivacyÂ·**__**Â·TermsÂ·**__**Â·Sitemap,"A fully furnished home for your longer stay, complete with WiFi and everything you need to live.Heading to a baseball game or planning a fun-filled Windy City getaway? Our sophisticated 2-bedroom/1-bath apartment is just one block from Wrigley Field, home of the world-famous Chicago Cubs. The apartment features conveniences like a full kitchen and fast WiFi so you can live the Chi-Town life like a local.The spaceJust one short block from Wrigley Field, this charming 2-bedroom apartment is ideal of any visit to the Windy City, whether traveling on business or for a fun-filled vacation. The location is perfect for Cubs games (just a 3-minute walk!) and entertainment, with the Metro concert venue and the Music Box Theatre also a short walk away.But exploring Chicago is only part of the fun, because our sunny apartment is also sure to be a highlight of your time in town. Youâ€™ll feel just like a Chicago local with conveniences like a full kitchen, a spacious living room, and fast WiFi. A particularly stylish Chicago local - this apartment oozes modern glamour with professionally curated furnishings and decor.The apartment includes 2 private bedrooms, which features queen size beds, nightstands, a large window, and a closet with hangers. Youâ€™ll sleep like a baby Chicagoan on our plush mattresses and stay cozy during a Midwestern winter with high-quality sheets.The chic bathroom also has a touch of modern design, and the bathroom fixtures include a sink, toilet, and a shower. Thereâ€™s ample space to put your lotions and potions in the bathroom cabinets, and we provide freshly-laundered towels, toiletries, and a hair dryer for your convenience.The airy living room and fully equipped kitchen allow you to feel right at home from the moment you walk in. Whether your idea of a relaxing night includes channeling your inner chef over a delicious home-cooked meal or binging on your latest Netflix show on the huge, 55-inch smart TV, youâ€™ll have plenty of space to do whatever you please.The kitchen is stocked with all the dishes, utensils, and cookware youâ€™d need - whether youâ€™re honing your toast-making skills or whipping up a five-course dinner. Appliances include a stove, oven, full-size fridge and freezer, dishwasher, microwave, toaster, and coffee maker. Pull up a chair and dig into your culinary creations at the dining table which seats 6. And youâ€™ll feel like youâ€™re on an episode of Cribs among the gorgeous (and numerous!) cherry-wood cabinetry.So no matter how you choose to spend your time in the Windy City, whether by scarfing down hot dogs at a Cubs game or perusing the art galleries of Downtown Chicago, youâ€™ll have a comfortable, stylish place to begin and end each day.",Kitchen**__**Wifi**__**HDTV with Netflix**__**Paid washer â€“ In building**__**Paid dryer â€“ In building**__**Unavailable: Carbon monoxide alarmCarbon monoxide alarm,Entire rental unit hosted by Mia & Noah,"['Bathroom\nHair dryer\nCleaning products\nShampoo\nConditioner\nHot water\nShower gel', 'Bedroom and laundry\nPaid washer â€“ In building\nPaid dryer â€“ In building\nEssentials\nTowels, bed sheets, soap, and toilet paper\nHangers\nBed linens\nIron\nClothing storage: closet', 'Entertainment\nHDTV with Netflix', 'Family\nPack â€™n play/Travel crib - available upon request', 'Heating and cooling\nAir conditioning\nCeiling fan\nHeating', 'Home safety\nSecurity cameras on property\nCCTVs in the hallway And noise detector installed inside the unit.\nSmoke alarm\nFire extinguisher\nFirst aid kit', 'Internet and office\nWifi', 'Kitchen and dining\nKitchen\nSpace where guests can cook their own meals\nRefrigerator\nMicrowave\nCooking basics\nPots and pans, oil, salt and pepper\nDishes and silverware\nBowls, chopsticks, plates, cups, etc.\nDishwasher\nStove\nOven\nHot water kettle\nCoffee maker\nToaster\nDining table', 'Services\nLong term stays allowed\nAllow stay for 28 days or more', 'Not included\nUnavailable: Carbon monoxide alarm\nCarbon monoxide alarm\nThere is no carbon monoxide detector on the property.\nUnavailable: Private entrance\nPrivate entrance']","['https://a0.muscache.com/pictures/prohost-api/Hosting-47856271/original/33779ddc-e588-44a9-948f-5b1ea8c50d0a.jpeg', 'https://a0.muscache.com/pictures/prohost-api/Hosting-47856271/original/6da50de6-9efe-4704-a92f-71dc6e29db25.jpeg', 'https://a0.muscache.com/pictures/prohost-api/Hosting-47856271/original/de2aa457-2233-4237-874c-33d49b658954.jpeg', 'https://a0.muscache.com/pictures/prohost-api/Hosting-47856271/original/d0089865-d050-4897-bb36-0a1a5191d7e2.jpeg', 'https://a0.muscache.com/pictures/prohost-api/Hosting-47856271/original/6395cc54-fe63-4f5f-8c75-99dceeb38324.jpeg']","Hosted by Mia & Noah
Joined in September 2017
2,567 Reviews
Identity verified






We are a young couple, both seniors at DePaul University and we love traveling around the world.

We very much enjoy meeting new people and making friends as we travelâ€¦ read more
Policy number: R22000085092
Response rate: 99%
Response time: within an hour
Contact Host
To protect your payment, never transfer money or communicate outside of the Airbnb website or app."
